Epoch,Input,Prediction,GroundTruth
1,"[[255.27999877929688], [254.27000427246094], [254.2100067138672], [255.99000549316406], [255.45999145507812], [255.75999450683594], [258.8900146484375], [258.5799865722656], [258.3900146484375], [260.92999267578125]]","[[259.42730712890625], [260.7865295410156]]","[[255.75999450683594], [258.8900146484375], [258.5799865722656], [258.3900146484375], [260.92999267578125], [261.44000244140625], [261.9100036621094]]"
1,"[[253.0800018310547], [252.4600067138672], [255.45999145507812], [256.0400085449219], [256.45001220703125], [254.32000732421875], [253.6999969482422], [255.27999877929688], [254.27000427246094], [254.2100067138672]]","[[256.0451354980469], [256.87060546875]]","[[254.32000732421875], [253.6999969482422], [255.27999877929688], [254.27000427246094], [254.2100067138672], [255.99000549316406], [255.45999145507812]]"
1,"[[240.3300018310547], [237.0], [234.6199951171875], [236.30999755859375], [238.77999877929688], [240.58999633789062], [240.5800018310547], [241.9300079345703], [245.22999572753906], [249.0]]","[[245.78509521484375], [247.93699645996094]]","[[240.58999633789062], [240.5800018310547], [241.9300079345703], [245.22999572753906], [249.0], [253.0800018310547], [252.4600067138672]]"
1,"[[240.4600067138672], [239.66000366210938], [240.3300018310547], [237.0], [234.6199951171875], [236.30999755859375], [238.77999877929688], [240.58999633789062], [240.5800018310547], [241.9300079345703]]","[[241.76087951660156], [242.93052673339844]]","[[236.30999755859375], [238.77999877929688], [240.58999633789062], [240.5800018310547], [241.9300079345703], [245.22999572753906], [249.0]]"
1,"[[239.66000366210938], [240.3300018310547], [237.0], [234.6199951171875], [236.30999755859375], [238.77999877929688], [240.58999633789062], [240.5800018310547], [241.9300079345703], [245.22999572753906]]","[[243.05130004882812], [244.75807189941406]]","[[238.77999877929688], [240.58999633789062], [240.5800018310547], [241.9300079345703], [245.22999572753906], [249.0], [253.0800018310547]]"
1,"[[253.6999969482422], [255.27999877929688], [254.27000427246094], [254.2100067138672], [255.99000549316406], [255.45999145507812], [255.75999450683594], [258.8900146484375], [258.5799865722656], [258.3900146484375]]","[[258.3702697753906], [259.4365234375]]","[[255.45999145507812], [255.75999450683594], [258.8900146484375], [258.5799865722656], [258.3900146484375], [260.92999267578125], [261.44000244140625]]"
1,"[[240.58999633789062], [240.5800018310547], [241.9300079345703], [245.22999572753906], [249.0], [253.0800018310547], [252.4600067138672], [255.45999145507812], [256.0400085449219], [256.45001220703125]]","[[256.8482666015625], [260.9484558105469]]","[[253.0800018310547], [252.4600067138672], [255.45999145507812], [256.0400085449219], [256.45001220703125], [254.32000732421875], [253.6999969482422]]"
1,"[[240.5800018310547], [241.9300079345703], [245.22999572753906], [249.0], [253.0800018310547], [252.4600067138672], [255.45999145507812], [256.0400085449219], [256.45001220703125], [254.32000732421875]]","[[257.5447082519531], [260.9354553222656]]","[[252.4600067138672], [255.45999145507812], [256.0400085449219], [256.45001220703125], [254.32000732421875], [253.6999969482422], [255.27999877929688]]"
1,"[[240.49000549316406], [240.4600067138672], [239.66000366210938], [240.3300018310547], [237.0], [234.6199951171875], [236.30999755859375], [238.77999877929688], [240.58999633789062], [240.5800018310547]]","[[238.8820037841797], [242.6595001220703]]","[[234.6199951171875], [236.30999755859375], [238.77999877929688], [240.58999633789062], [240.5800018310547], [241.9300079345703], [245.22999572753906]]"
1,"[[234.6199951171875], [236.30999755859375], [238.77999877929688], [240.58999633789062], [240.5800018310547], [241.9300079345703], [245.22999572753906], [249.0], [253.0800018310547], [252.4600067138672]]","[[250.83779907226562], [254.33985900878906]]","[[241.9300079345703], [245.22999572753906], [249.0], [253.0800018310547], [252.4600067138672], [255.45999145507812], [256.0400085449219]]"
1,"[[252.4600067138672], [255.45999145507812], [256.0400085449219], [256.45001220703125], [254.32000732421875], [253.6999969482422], [255.27999877929688], [254.27000427246094], [254.2100067138672], [255.99000549316406]]","[[256.3220520019531], [257.01409912109375]]","[[253.6999969482422], [255.27999877929688], [254.27000427246094], [254.2100067138672], [255.99000549316406], [255.45999145507812], [255.75999450683594]]"
1,"[[255.45999145507812], [256.0400085449219], [256.45001220703125], [254.32000732421875], [253.6999969482422], [255.27999877929688], [254.27000427246094], [254.2100067138672], [255.99000549316406], [255.45999145507812]]","[[256.1805419921875], [256.84722900390625]]","[[255.27999877929688], [254.27000427246094], [254.2100067138672], [255.99000549316406], [255.45999145507812], [255.75999450683594], [258.8900146484375]]"
1,"[[256.0400085449219], [256.45001220703125], [254.32000732421875], [253.6999969482422], [255.27999877929688], [254.27000427246094], [254.2100067138672], [255.99000549316406], [255.45999145507812], [255.75999450683594]]","[[255.14801025390625], [256.8234558105469]]","[[254.27000427246094], [254.2100067138672], [255.99000549316406], [255.45999145507812], [255.75999450683594], [258.8900146484375], [258.5799865722656]]"
1,"[[249.0], [253.0800018310547], [252.4600067138672], [255.45999145507812], [256.0400085449219], [256.45001220703125], [254.32000732421875], [253.6999969482422], [255.27999877929688], [254.27000427246094]]","[[256.5824279785156], [257.8867492675781]]","[[256.45001220703125], [254.32000732421875], [253.6999969482422], [255.27999877929688], [254.27000427246094], [254.2100067138672], [255.99000549316406]]"
1,"[[236.30999755859375], [238.77999877929688], [240.58999633789062], [240.5800018310547], [241.9300079345703], [245.22999572753906], [249.0], [253.0800018310547], [252.4600067138672], [255.45999145507812]]","[[253.27560424804688], [257.61663818359375]]","[[245.22999572753906], [249.0], [253.0800018310547], [252.4600067138672], [255.45999145507812], [256.0400085449219], [256.45001220703125]]"
1,"[[237.0], [234.6199951171875], [236.30999755859375], [238.77999877929688], [240.58999633789062], [240.5800018310547], [241.9300079345703], [245.22999572753906], [249.0], [253.0800018310547]]","[[241.71200561523438], [252.37197875976562]]","[[240.5800018310547], [241.9300079345703], [245.22999572753906], [249.0], [253.0800018310547], [252.4600067138672], [255.45999145507812]]"
1,"[[254.2100067138672], [255.99000549316406], [255.45999145507812], [255.75999450683594], [258.8900146484375], [258.5799865722656], [258.3900146484375], [260.92999267578125], [261.44000244140625], [261.9100036621094]]","[[261.2628479003906], [263.0381774902344]]","[[258.5799865722656], [258.3900146484375], [260.92999267578125], [261.44000244140625], [261.9100036621094], [260.739990234375], [259.75]]"
1,"[[245.22999572753906], [249.0], [253.0800018310547], [252.4600067138672], [255.45999145507812], [256.0400085449219], [256.45001220703125], [254.32000732421875], [253.6999969482422], [255.27999877929688]]","[[257.0108642578125], [259.147705078125]]","[[256.0400085449219], [256.45001220703125], [254.32000732421875], [253.6999969482422], [255.27999877929688], [254.27000427246094], [254.2100067138672]]"
1,"[[254.32000732421875], [253.6999969482422], [255.27999877929688], [254.27000427246094], [254.2100067138672], [255.99000549316406], [255.45999145507812], [255.75999450683594], [258.8900146484375], [258.5799865722656]]","[[255.64599609375], [258.82562255859375]]","[[255.99000549316406], [255.45999145507812], [255.75999450683594], [258.8900146484375], [258.5799865722656], [258.3900146484375], [260.92999267578125]]"
1,"[[241.9300079345703], [245.22999572753906], [249.0], [253.0800018310547], [252.4600067138672], [255.45999145507812], [256.0400085449219], [256.45001220703125], [254.32000732421875], [253.6999969482422]]","[[257.5067443847656], [260.5390625]]","[[255.45999145507812], [256.0400085449219], [256.45001220703125], [254.32000732421875], [253.6999969482422], [255.27999877929688], [254.27000427246094]]"
1,"[[254.27000427246094], [254.2100067138672], [255.99000549316406], [255.45999145507812], [255.75999450683594], [258.8900146484375], [258.5799865722656], [258.3900146484375], [260.92999267578125], [261.44000244140625]]","[[260.3259582519531], [262.113525390625]]","[[258.8900146484375], [258.5799865722656], [258.3900146484375], [260.92999267578125], [261.44000244140625], [261.9100036621094], [260.739990234375]]"
1,"[[238.77999877929688], [240.58999633789062], [240.5800018310547], [241.9300079345703], [245.22999572753906], [249.0], [253.0800018310547], [252.4600067138672], [255.45999145507812], [256.0400085449219]]","[[255.38758850097656], [259.6962585449219]]","[[249.0], [253.0800018310547], [252.4600067138672], [255.45999145507812], [256.0400085449219], [256.45001220703125], [254.32000732421875]]"
1,"[[256.45001220703125], [254.32000732421875], [253.6999969482422], [255.27999877929688], [254.27000427246094], [254.2100067138672], [255.99000549316406], [255.45999145507812], [255.75999450683594], [258.8900146484375]]","[[257.3047790527344], [258.19024658203125]]","[[254.2100067138672], [255.99000549316406], [255.45999145507812], [255.75999450683594], [258.8900146484375], [258.5799865722656], [258.3900146484375]]"
1,"[[255.99000549316406], [255.45999145507812], [255.75999450683594], [258.8900146484375], [258.5799865722656], [258.3900146484375], [260.92999267578125], [261.44000244140625], [261.9100036621094], [260.739990234375]]","[[261.682861328125], [263.12884521484375]]","[[258.3900146484375], [260.92999267578125], [261.44000244140625], [261.9100036621094], [260.739990234375], [259.75], [258.6199951171875]]"
2,"[[255.45999145507812], [255.75999450683594], [258.8900146484375], [258.5799865722656], [258.3900146484375], [260.92999267578125], [261.44000244140625], [261.9100036621094], [260.739990234375], [259.75]]","[[259.18499755859375], [259.18499755859375]]","[[260.92999267578125], [261.44000244140625], [261.9100036621094], [260.739990234375], [259.75], [258.6199951171875], [260.0400085449219]]"
2,"[[252.4600067138672], [255.45999145507812], [256.0400085449219], [256.45001220703125], [254.32000732421875], [253.6999969482422], [255.27999877929688], [254.27000427246094], [254.2100067138672], [255.99000549316406]]","[[255.87452697753906], [256.13751220703125]]","[[253.6999969482422], [255.27999877929688], [254.27000427246094], [254.2100067138672], [255.99000549316406], [255.45999145507812], [255.75999450683594]]"
2,"[[234.6199951171875], [236.30999755859375], [238.77999877929688], [240.58999633789062], [240.5800018310547], [241.9300079345703], [245.22999572753906], [249.0], [253.0800018310547], [252.4600067138672]]","[[243.2580108642578], [243.2580108642578]]","[[241.9300079345703], [245.22999572753906], [249.0], [253.0800018310547], [252.4600067138672], [255.45999145507812], [256.0400085449219]]"
2,"[[238.77999877929688], [240.58999633789062], [240.5800018310547], [241.9300079345703], [245.22999572753906], [249.0], [253.0800018310547], [252.4600067138672], [255.45999145507812], [256.0400085449219]]","[[247.31500244140625], [254.34756469726562]]","[[249.0], [253.0800018310547], [252.4600067138672], [255.45999145507812], [256.0400085449219], [256.45001220703125], [254.32000732421875]]"
2,"[[236.30999755859375], [238.77999877929688], [240.58999633789062], [240.5800018310547], [241.9300079345703], [245.22999572753906], [249.0], [253.0800018310547], [252.4600067138672], [255.45999145507812]]","[[251.25477600097656], [252.42735290527344]]","[[245.22999572753906], [249.0], [253.0800018310547], [252.4600067138672], [255.45999145507812], [256.0400085449219], [256.45001220703125]]"
2,"[[253.6999969482422], [255.27999877929688], [254.27000427246094], [254.2100067138672], [255.99000549316406], [255.45999145507812], [255.75999450683594], [258.8900146484375], [258.5799865722656], [258.3900146484375]]","[[257.69500732421875], [258.0575256347656]]","[[255.45999145507812], [255.75999450683594], [258.8900146484375], [258.5799865722656], [258.3900146484375], [260.92999267578125], [261.44000244140625]]"
2,"[[254.2100067138672], [255.99000549316406], [255.45999145507812], [255.75999450683594], [258.8900146484375], [258.5799865722656], [258.3900146484375], [260.92999267578125], [261.44000244140625], [261.9100036621094]]","[[260.5163879394531], [261.0005798339844]]","[[258.5799865722656], [258.3900146484375], [260.92999267578125], [261.44000244140625], [261.9100036621094], [260.739990234375], [259.75]]"
2,"[[256.45001220703125], [254.32000732421875], [253.6999969482422], [255.27999877929688], [254.27000427246094], [254.2100067138672], [255.99000549316406], [255.45999145507812], [255.75999450683594], [258.8900146484375]]","[[256.8004150390625], [257.1030578613281]]","[[254.2100067138672], [255.99000549316406], [255.45999145507812], [255.75999450683594], [258.8900146484375], [258.5799865722656], [258.3900146484375]]"
2,"[[245.22999572753906], [249.0], [253.0800018310547], [252.4600067138672], [255.45999145507812], [256.0400085449219], [256.45001220703125], [254.32000732421875], [253.6999969482422], [255.27999877929688]]","[[256.0466613769531], [256.48968505859375]]","[[256.0400085449219], [256.45001220703125], [254.32000732421875], [253.6999969482422], [255.27999877929688], [254.27000427246094], [254.2100067138672]]"
2,"[[241.9300079345703], [245.22999572753906], [249.0], [253.0800018310547], [252.4600067138672], [255.45999145507812], [256.0400085449219], [256.45001220703125], [254.32000732421875], [253.6999969482422]]","[[255.9725341796875], [256.8569641113281]]","[[255.45999145507812], [256.0400085449219], [256.45001220703125], [254.32000732421875], [253.6999969482422], [255.27999877929688], [254.27000427246094]]"
2,"[[239.66000366210938], [240.3300018310547], [237.0], [234.6199951171875], [236.30999755859375], [238.77999877929688], [240.58999633789062], [240.5800018310547], [241.9300079345703], [245.22999572753906]]","[[242.24282836914062], [242.1193084716797]]","[[238.77999877929688], [240.58999633789062], [240.5800018310547], [241.9300079345703], [245.22999572753906], [249.0], [253.0800018310547]]"
2,"[[240.4600067138672], [239.66000366210938], [240.3300018310547], [237.0], [234.6199951171875], [236.30999755859375], [238.77999877929688], [240.58999633789062], [240.5800018310547], [241.9300079345703]]","[[241.02127075195312], [241.77809143066406]]","[[236.30999755859375], [238.77999877929688], [240.58999633789062], [240.5800018310547], [241.9300079345703], [245.22999572753906], [249.0]]"
2,"[[240.5800018310547], [241.9300079345703], [245.22999572753906], [249.0], [253.0800018310547], [252.4600067138672], [255.45999145507812], [256.0400085449219], [256.45001220703125], [254.32000732421875]]","[[255.5631103515625], [256.17962646484375]]","[[252.4600067138672], [255.45999145507812], [256.0400085449219], [256.45001220703125], [254.32000732421875], [253.6999969482422], [255.27999877929688]]"
2,"[[255.45999145507812], [256.0400085449219], [256.45001220703125], [254.32000732421875], [253.6999969482422], [255.27999877929688], [254.27000427246094], [254.2100067138672], [255.99000549316406], [255.45999145507812]]","[[255.93052673339844], [255.9201202392578]]","[[255.27999877929688], [254.27000427246094], [254.2100067138672], [255.99000549316406], [255.45999145507812], [255.75999450683594], [258.8900146484375]]"
2,"[[249.0], [253.0800018310547], [252.4600067138672], [255.45999145507812], [256.0400085449219], [256.45001220703125], [254.32000732421875], [253.6999969482422], [255.27999877929688], [254.27000427246094]]","[[255.92221069335938], [254.00599670410156]]","[[256.45001220703125], [254.32000732421875], [253.6999969482422], [255.27999877929688], [254.27000427246094], [254.2100067138672], [255.99000549316406]]"
2,"[[255.99000549316406], [255.45999145507812], [255.75999450683594], [258.8900146484375], [258.5799865722656], [258.3900146484375], [260.92999267578125], [261.44000244140625], [261.9100036621094], [260.739990234375]]","[[260.97796630859375], [260.9147033691406]]","[[258.3900146484375], [260.92999267578125], [261.44000244140625], [261.9100036621094], [260.739990234375], [259.75], [258.6199951171875]]"
2,"[[254.27000427246094], [254.2100067138672], [255.99000549316406], [255.45999145507812], [255.75999450683594], [258.8900146484375], [258.5799865722656], [258.3900146484375], [260.92999267578125], [261.44000244140625]]","[[257.3919982910156], [259.956787109375]]","[[258.8900146484375], [258.5799865722656], [258.3900146484375], [260.92999267578125], [261.44000244140625], [261.9100036621094], [260.739990234375]]"
2,"[[254.32000732421875], [253.6999969482422], [255.27999877929688], [254.27000427246094], [254.2100067138672], [255.99000549316406], [255.45999145507812], [255.75999450683594], [258.8900146484375], [258.5799865722656]]","[[257.2025451660156], [257.5617370605469]]","[[255.99000549316406], [255.45999145507812], [255.75999450683594], [258.8900146484375], [258.5799865722656], [258.3900146484375], [260.92999267578125]]"
2,"[[255.27999877929688], [254.27000427246094], [254.2100067138672], [255.99000549316406], [255.45999145507812], [255.75999450683594], [258.8900146484375], [258.5799865722656], [258.3900146484375], [260.92999267578125]]","[[256.7760009765625], [259.0245666503906]]","[[255.75999450683594], [258.8900146484375], [258.5799865722656], [258.3900146484375], [260.92999267578125], [261.44000244140625], [261.9100036621094]]"
2,"[[240.58999633789062], [240.5800018310547], [241.9300079345703], [245.22999572753906], [249.0], [253.0800018310547], [252.4600067138672], [255.45999145507812], [256.0400085449219], [256.45001220703125]]","[[249.08200073242188], [254.82228088378906]]","[[253.0800018310547], [252.4600067138672], [255.45999145507812], [256.0400085449219], [256.45001220703125], [254.32000732421875], [253.6999969482422]]"
2,"[[253.0800018310547], [252.4600067138672], [255.45999145507812], [256.0400085449219], [256.45001220703125], [254.32000732421875], [253.6999969482422], [255.27999877929688], [254.27000427246094], [254.2100067138672]]","[[254.52700805664062], [255.6276397705078]]","[[254.32000732421875], [253.6999969482422], [255.27999877929688], [254.27000427246094], [254.2100067138672], [255.99000549316406], [255.45999145507812]]"
2,"[[237.0], [234.6199951171875], [236.30999755859375], [238.77999877929688], [240.58999633789062], [240.5800018310547], [241.9300079345703], [245.22999572753906], [249.0], [253.0800018310547]]","[[247.128662109375], [247.51866149902344]]","[[240.5800018310547], [241.9300079345703], [245.22999572753906], [249.0], [253.0800018310547], [252.4600067138672], [255.45999145507812]]"
2,"[[240.3300018310547], [237.0], [234.6199951171875], [236.30999755859375], [238.77999877929688], [240.58999633789062], [240.5800018310547], [241.9300079345703], [245.22999572753906], [249.0]]","[[244.26611328125], [244.7407989501953]]","[[240.58999633789062], [240.5800018310547], [241.9300079345703], [245.22999572753906], [249.0], [253.0800018310547], [252.4600067138672]]"
2,"[[240.49000549316406], [240.4600067138672], [239.66000366210938], [240.3300018310547], [237.0], [234.6199951171875], [236.30999755859375], [238.77999877929688], [240.58999633789062], [240.5800018310547]]","[[240.81076049804688], [240.9788360595703]]","[[234.6199951171875], [236.30999755859375], [238.77999877929688], [240.58999633789062], [240.5800018310547], [241.9300079345703], [245.22999572753906]]"
3,"[[238.77999877929688], [240.58999633789062], [240.5800018310547], [241.9300079345703], [245.22999572753906], [249.0], [253.0800018310547], [252.4600067138672], [255.45999145507812], [256.0400085449219]]","[[256.3780822753906], [257.1705017089844]]","[[249.0], [253.0800018310547], [252.4600067138672], [255.45999145507812], [256.0400085449219], [256.45001220703125], [254.32000732421875]]"
3,"[[240.58999633789062], [240.5800018310547], [241.9300079345703], [245.22999572753906], [249.0], [253.0800018310547], [252.4600067138672], [255.45999145507812], [256.0400085449219], [256.45001220703125]]","[[257.6683044433594], [257.8130187988281]]","[[253.0800018310547], [252.4600067138672], [255.45999145507812], [256.0400085449219], [256.45001220703125], [254.32000732421875], [253.6999969482422]]"
3,"[[253.0800018310547], [252.4600067138672], [255.45999145507812], [256.0400085449219], [256.45001220703125], [254.32000732421875], [253.6999969482422], [255.27999877929688], [254.27000427246094], [254.2100067138672]]","[[256.1115417480469], [256.1684875488281]]","[[254.32000732421875], [253.6999969482422], [255.27999877929688], [254.27000427246094], [254.2100067138672], [255.99000549316406], [255.45999145507812]]"
3,"[[256.0400085449219], [256.45001220703125], [254.32000732421875], [253.6999969482422], [255.27999877929688], [254.27000427246094], [254.2100067138672], [255.99000549316406], [255.45999145507812], [255.75999450683594]]","[[256.3922119140625], [255.14801025390625]]","[[254.27000427246094], [254.2100067138672], [255.99000549316406], [255.45999145507812], [255.75999450683594], [258.8900146484375], [258.5799865722656]]"
3,"[[237.0], [234.6199951171875], [236.30999755859375], [238.77999877929688], [240.58999633789062], [240.5800018310547], [241.9300079345703], [245.22999572753906], [249.0], [253.0800018310547]]","[[249.9019775390625], [250.42198181152344]]","[[240.5800018310547], [241.9300079345703], [245.22999572753906], [249.0], [253.0800018310547], [252.4600067138672], [255.45999145507812]]"
3,"[[241.9300079345703], [245.22999572753906], [249.0], [253.0800018310547], [252.4600067138672], [255.45999145507812], [256.0400085449219], [256.45001220703125], [254.32000732421875], [253.6999969482422]]","[[257.86773681640625], [251.76699829101562]]","[[255.45999145507812], [256.0400085449219], [256.45001220703125], [254.32000732421875], [253.6999969482422], [255.27999877929688], [254.27000427246094]]"
3,"[[255.27999877929688], [254.27000427246094], [254.2100067138672], [255.99000549316406], [255.45999145507812], [255.75999450683594], [258.8900146484375], [258.5799865722656], [258.3900146484375], [260.92999267578125]]","[[259.9139404296875], [256.7760009765625]]","[[255.75999450683594], [258.8900146484375], [258.5799865722656], [258.3900146484375], [260.92999267578125], [261.44000244140625], [261.9100036621094]]"
3,"[[255.99000549316406], [255.45999145507812], [255.75999450683594], [258.8900146484375], [258.5799865722656], [258.3900146484375], [260.92999267578125], [261.44000244140625], [261.9100036621094], [260.739990234375]]","[[261.8816833496094], [262.0443420410156]]","[[258.3900146484375], [260.92999267578125], [261.44000244140625], [261.9100036621094], [260.739990234375], [259.75], [258.6199951171875]]"
3,"[[239.66000366210938], [240.3300018310547], [237.0], [234.6199951171875], [236.30999755859375], [238.77999877929688], [240.58999633789062], [240.5800018310547], [241.9300079345703], [245.22999572753906]]","[[243.7250213623047], [243.36570739746094]]","[[238.77999877929688], [240.58999633789062], [240.5800018310547], [241.9300079345703], [245.22999572753906], [249.0], [253.0800018310547]]"
3,"[[256.45001220703125], [254.32000732421875], [253.6999969482422], [255.27999877929688], [254.27000427246094], [254.2100067138672], [255.99000549316406], [255.45999145507812], [255.75999450683594], [258.8900146484375]]","[[257.607421875], [257.7419128417969]]","[[254.2100067138672], [255.99000549316406], [255.45999145507812], [255.75999450683594], [258.8900146484375], [258.5799865722656], [258.3900146484375]]"
3,"[[240.49000549316406], [240.4600067138672], [239.66000366210938], [240.3300018310547], [237.0], [234.6199951171875], [236.30999755859375], [238.77999877929688], [240.58999633789062], [240.5800018310547]]","[[241.71511840820312], [241.95521545410156]]","[[234.6199951171875], [236.30999755859375], [238.77999877929688], [240.58999633789062], [240.5800018310547], [241.9300079345703], [245.22999572753906]]"
3,"[[252.4600067138672], [255.45999145507812], [256.0400085449219], [256.45001220703125], [254.32000732421875], [253.6999969482422], [255.27999877929688], [254.27000427246094], [254.2100067138672], [255.99000549316406]]","[[256.40509033203125], [254.81800842285156]]","[[253.6999969482422], [255.27999877929688], [254.27000427246094], [254.2100067138672], [255.99000549316406], [255.45999145507812], [255.75999450683594]]"
3,"[[240.3300018310547], [237.0], [234.6199951171875], [236.30999755859375], [238.77999877929688], [240.58999633789062], [240.5800018310547], [241.9300079345703], [245.22999572753906], [249.0]]","[[246.38636779785156], [246.57623291015625]]","[[240.58999633789062], [240.5800018310547], [241.9300079345703], [245.22999572753906], [249.0], [253.0800018310547], [252.4600067138672]]"
3,"[[236.30999755859375], [238.77999877929688], [240.58999633789062], [240.5800018310547], [241.9300079345703], [245.22999572753906], [249.0], [253.0800018310547], [252.4600067138672], [255.45999145507812]]","[[254.47312927246094], [254.7226104736328]]","[[245.22999572753906], [249.0], [253.0800018310547], [252.4600067138672], [255.45999145507812], [256.0400085449219], [256.45001220703125]]"
3,"[[240.4600067138672], [239.66000366210938], [240.3300018310547], [237.0], [234.6199951171875], [236.30999755859375], [238.77999877929688], [240.58999633789062], [240.5800018310547], [241.9300079345703]]","[[242.07049560546875], [242.4661102294922]]","[[236.30999755859375], [238.77999877929688], [240.58999633789062], [240.5800018310547], [241.9300079345703], [245.22999572753906], [249.0]]"
3,"[[249.0], [253.0800018310547], [252.4600067138672], [255.45999145507812], [256.0400085449219], [256.45001220703125], [254.32000732421875], [253.6999969482422], [255.27999877929688], [254.27000427246094]]","[[256.74346923828125], [256.8561706542969]]","[[256.45001220703125], [254.32000732421875], [253.6999969482422], [255.27999877929688], [254.27000427246094], [254.2100067138672], [255.99000549316406]]"
3,"[[234.6199951171875], [236.30999755859375], [238.77999877929688], [240.58999633789062], [240.5800018310547], [241.9300079345703], [245.22999572753906], [249.0], [253.0800018310547], [252.4600067138672]]","[[243.2580108642578], [252.42092895507812]]","[[241.9300079345703], [245.22999572753906], [249.0], [253.0800018310547], [252.4600067138672], [255.45999145507812], [256.0400085449219]]"
3,"[[254.32000732421875], [253.6999969482422], [255.27999877929688], [254.27000427246094], [254.2100067138672], [255.99000549316406], [255.45999145507812], [255.75999450683594], [258.8900146484375], [258.5799865722656]]","[[257.93426513671875], [258.213623046875]]","[[255.99000549316406], [255.45999145507812], [255.75999450683594], [258.8900146484375], [258.5799865722656], [258.3900146484375], [260.92999267578125]]"
3,"[[255.45999145507812], [255.75999450683594], [258.8900146484375], [258.5799865722656], [258.3900146484375], [260.92999267578125], [261.44000244140625], [261.9100036621094], [260.739990234375], [259.75]]","[[261.9707946777344], [261.7386474609375]]","[[260.92999267578125], [261.44000244140625], [261.9100036621094], [260.739990234375], [259.75], [258.6199951171875], [260.0400085449219]]"
3,"[[254.27000427246094], [254.2100067138672], [255.99000549316406], [255.45999145507812], [255.75999450683594], [258.8900146484375], [258.5799865722656], [258.3900146484375], [260.92999267578125], [261.44000244140625]]","[[260.90887451171875], [261.0060119628906]]","[[258.8900146484375], [258.5799865722656], [258.3900146484375], [260.92999267578125], [261.44000244140625], [261.9100036621094], [260.739990234375]]"
3,"[[255.45999145507812], [256.0400085449219], [256.45001220703125], [254.32000732421875], [253.6999969482422], [255.27999877929688], [254.27000427246094], [254.2100067138672], [255.99000549316406], [255.45999145507812]]","[[256.27081298828125], [256.20831298828125]]","[[255.27999877929688], [254.27000427246094], [254.2100067138672], [255.99000549316406], [255.45999145507812], [255.75999450683594], [258.8900146484375]]"
3,"[[245.22999572753906], [249.0], [253.0800018310547], [252.4600067138672], [255.45999145507812], [256.0400085449219], [256.45001220703125], [254.32000732421875], [253.6999969482422], [255.27999877929688]]","[[257.53204345703125], [257.2193298339844]]","[[256.0400085449219], [256.45001220703125], [254.32000732421875], [253.6999969482422], [255.27999877929688], [254.27000427246094], [254.2100067138672]]"
3,"[[253.6999969482422], [255.27999877929688], [254.27000427246094], [254.2100067138672], [255.99000549316406], [255.45999145507812], [255.75999450683594], [258.8900146484375], [258.5799865722656], [258.3900146484375]]","[[258.5550842285156], [258.6119689941406]]","[[255.45999145507812], [255.75999450683594], [258.8900146484375], [258.5799865722656], [258.3900146484375], [260.92999267578125], [261.44000244140625]]"
3,"[[240.5800018310547], [241.9300079345703], [245.22999572753906], [249.0], [253.0800018310547], [252.4600067138672], [255.45999145507812], [256.0400085449219], [256.45001220703125], [254.32000732421875]]","[[257.85296630859375], [258.20526123046875]]","[[252.4600067138672], [255.45999145507812], [256.0400085449219], [256.45001220703125], [254.32000732421875], [253.6999969482422], [255.27999877929688]]"
4,"[[255.45999145507812], [256.0400085449219], [256.45001220703125], [254.32000732421875], [253.6999969482422], [255.27999877929688], [254.27000427246094], [254.2100067138672], [255.99000549316406], [255.45999145507812]]","[[256.0346984863281], [255.9965057373047]]","[[255.27999877929688], [254.27000427246094], [254.2100067138672], [255.99000549316406], [255.45999145507812], [255.75999450683594], [258.8900146484375]]"
4,"[[240.58999633789062], [240.5800018310547], [241.9300079345703], [245.22999572753906], [249.0], [253.0800018310547], [252.4600067138672], [255.45999145507812], [256.0400085449219], [256.45001220703125]]","[[256.1729431152344], [255.73880004882812]]","[[253.0800018310547], [252.4600067138672], [255.45999145507812], [256.0400085449219], [256.45001220703125], [254.32000732421875], [253.6999969482422]]"
4,"[[236.30999755859375], [238.77999877929688], [240.58999633789062], [240.5800018310547], [241.9300079345703], [245.22999572753906], [249.0], [253.0800018310547], [252.4600067138672], [255.45999145507812]]","[[252.77664184570312], [252.92633056640625]]","[[245.22999572753906], [249.0], [253.0800018310547], [252.4600067138672], [255.45999145507812], [256.0400085449219], [256.45001220703125]]"
4,"[[234.6199951171875], [236.30999755859375], [238.77999877929688], [240.58999633789062], [240.5800018310547], [241.9300079345703], [245.22999572753906], [249.0], [253.0800018310547], [252.4600067138672]]","[[251.12564086914062], [251.36550903320312]]","[[241.9300079345703], [245.22999572753906], [249.0], [253.0800018310547], [252.4600067138672], [255.45999145507812], [256.0400085449219]]"
4,"[[240.5800018310547], [241.9300079345703], [245.22999572753906], [249.0], [253.0800018310547], [252.4600067138672], [255.45999145507812], [256.0400085449219], [256.45001220703125], [254.32000732421875]]","[[250.4550018310547], [256.92822265625]]","[[252.4600067138672], [255.45999145507812], [256.0400085449219], [256.45001220703125], [254.32000732421875], [253.6999969482422], [255.27999877929688]]"
4,"[[253.6999969482422], [255.27999877929688], [254.27000427246094], [254.2100067138672], [255.99000549316406], [255.45999145507812], [255.75999450683594], [258.8900146484375], [258.5799865722656], [258.3900146484375]]","[[258.3702697753906], [256.0530090332031]]","[[255.45999145507812], [255.75999450683594], [258.8900146484375], [258.5799865722656], [258.3900146484375], [260.92999267578125], [261.44000244140625]]"
4,"[[256.0400085449219], [256.45001220703125], [254.32000732421875], [253.6999969482422], [255.27999877929688], [254.27000427246094], [254.2100067138672], [255.99000549316406], [255.45999145507812], [255.75999450683594]]","[[256.1801452636719], [256.2084045410156]]","[[254.27000427246094], [254.2100067138672], [255.99000549316406], [255.45999145507812], [255.75999450683594], [258.8900146484375], [258.5799865722656]]"
4,"[[249.0], [253.0800018310547], [252.4600067138672], [255.45999145507812], [256.0400085449219], [256.45001220703125], [254.32000732421875], [253.6999969482422], [255.27999877929688], [254.27000427246094]]","[[256.16375732421875], [256.3086853027344]]","[[256.45001220703125], [254.32000732421875], [253.6999969482422], [255.27999877929688], [254.27000427246094], [254.2100067138672], [255.99000549316406]]"
4,"[[240.49000549316406], [240.4600067138672], [239.66000366210938], [240.3300018310547], [237.0], [234.6199951171875], [236.30999755859375], [238.77999877929688], [240.58999633789062], [240.5800018310547]]","[[241.25094604492188], [241.29896545410156]]","[[234.6199951171875], [236.30999755859375], [238.77999877929688], [240.58999633789062], [240.5800018310547], [241.9300079345703], [245.22999572753906]]"
4,"[[255.45999145507812], [255.75999450683594], [258.8900146484375], [258.5799865722656], [258.3900146484375], [260.92999267578125], [261.44000244140625], [261.9100036621094], [260.739990234375], [259.75]]","[[261.4401550292969], [261.2826232910156]]","[[260.92999267578125], [261.44000244140625], [261.9100036621094], [260.739990234375], [259.75], [258.6199951171875], [260.0400085449219]]"
4,"[[255.99000549316406], [255.45999145507812], [255.75999450683594], [258.8900146484375], [258.5799865722656], [258.3900146484375], [260.92999267578125], [261.44000244140625], [261.9100036621094], [260.739990234375]]","[[261.3575134277344], [261.1948547363281]]","[[258.3900146484375], [260.92999267578125], [261.44000244140625], [261.9100036621094], [260.739990234375], [259.75], [258.6199951171875]]"
4,"[[252.4600067138672], [255.45999145507812], [256.0400085449219], [256.45001220703125], [254.32000732421875], [253.6999969482422], [255.27999877929688], [254.27000427246094], [254.2100067138672], [255.99000549316406]]","[[256.2759094238281], [254.81800842285156]]","[[253.6999969482422], [255.27999877929688], [254.27000427246094], [254.2100067138672], [255.99000549316406], [255.45999145507812], [255.75999450683594]]"
4,"[[254.2100067138672], [255.99000549316406], [255.45999145507812], [255.75999450683594], [258.8900146484375], [258.5799865722656], [258.3900146484375], [260.92999267578125], [261.44000244140625], [261.9100036621094]]","[[261.80755615234375], [258.156005859375]]","[[258.5799865722656], [258.3900146484375], [260.92999267578125], [261.44000244140625], [261.9100036621094], [260.739990234375], [259.75]]"
4,"[[255.27999877929688], [254.27000427246094], [254.2100067138672], [255.99000549316406], [255.45999145507812], [255.75999450683594], [258.8900146484375], [258.5799865722656], [258.3900146484375], [260.92999267578125]]","[[259.4105224609375], [259.5111999511719]]","[[255.75999450683594], [258.8900146484375], [258.5799865722656], [258.3900146484375], [260.92999267578125], [261.44000244140625], [261.9100036621094]]"
4,"[[241.9300079345703], [245.22999572753906], [249.0], [253.0800018310547], [252.4600067138672], [255.45999145507812], [256.0400085449219], [256.45001220703125], [254.32000732421875], [253.6999969482422]]","[[256.6764831542969], [257.3984680175781]]","[[255.45999145507812], [256.0400085449219], [256.45001220703125], [254.32000732421875], [253.6999969482422], [255.27999877929688], [254.27000427246094]]"
4,"[[254.32000732421875], [253.6999969482422], [255.27999877929688], [254.27000427246094], [254.2100067138672], [255.99000549316406], [255.45999145507812], [255.75999450683594], [258.8900146484375], [258.5799865722656]]","[[258.0406799316406], [258.2535400390625]]","[[255.99000549316406], [255.45999145507812], [255.75999450683594], [258.8900146484375], [258.5799865722656], [258.3900146484375], [260.92999267578125]]"
4,"[[238.77999877929688], [240.58999633789062], [240.5800018310547], [241.9300079345703], [245.22999572753906], [249.0], [253.0800018310547], [252.4600067138672], [255.45999145507812], [256.0400085449219]]","[[255.78378295898438], [256.2295227050781]]","[[249.0], [253.0800018310547], [252.4600067138672], [255.45999145507812], [256.0400085449219], [256.45001220703125], [254.32000732421875]]"
4,"[[245.22999572753906], [249.0], [253.0800018310547], [252.4600067138672], [255.45999145507812], [256.0400085449219], [256.45001220703125], [254.32000732421875], [253.6999969482422], [255.27999877929688]]","[[256.6199645996094], [256.82843017578125]]","[[256.0400085449219], [256.45001220703125], [254.32000732421875], [253.6999969482422], [255.27999877929688], [254.27000427246094], [254.2100067138672]]"
4,"[[240.3300018310547], [237.0], [234.6199951171875], [236.30999755859375], [238.77999877929688], [240.58999633789062], [240.5800018310547], [241.9300079345703], [245.22999572753906], [249.0]]","[[246.4180145263672], [246.4180145263672]]","[[240.58999633789062], [240.5800018310547], [241.9300079345703], [245.22999572753906], [249.0], [253.0800018310547], [252.4600067138672]]"
4,"[[254.27000427246094], [254.2100067138672], [255.99000549316406], [255.45999145507812], [255.75999450683594], [258.8900146484375], [258.5799865722656], [258.3900146484375], [260.92999267578125], [261.44000244140625]]","[[257.3919982910156], [257.3919982910156]]","[[258.8900146484375], [258.5799865722656], [258.3900146484375], [260.92999267578125], [261.44000244140625], [261.9100036621094], [260.739990234375]]"
4,"[[237.0], [234.6199951171875], [236.30999755859375], [238.77999877929688], [240.58999633789062], [240.5800018310547], [241.9300079345703], [245.22999572753906], [249.0], [253.0800018310547]]","[[250.031982421875], [250.0753173828125]]","[[240.5800018310547], [241.9300079345703], [245.22999572753906], [249.0], [253.0800018310547], [252.4600067138672], [255.45999145507812]]"
4,"[[256.45001220703125], [254.32000732421875], [253.6999969482422], [255.27999877929688], [254.27000427246094], [254.2100067138672], [255.99000549316406], [255.45999145507812], [255.75999450683594], [258.8900146484375]]","[[257.57379150390625], [257.6522521972656]]","[[254.2100067138672], [255.99000549316406], [255.45999145507812], [255.75999450683594], [258.8900146484375], [258.5799865722656], [258.3900146484375]]"
4,"[[239.66000366210938], [240.3300018310547], [237.0], [234.6199951171875], [236.30999755859375], [238.77999877929688], [240.58999633789062], [240.5800018310547], [241.9300079345703], [245.22999572753906]]","[[242.9390106201172], [239.5030059814453]]","[[238.77999877929688], [240.58999633789062], [240.5800018310547], [241.9300079345703], [245.22999572753906], [249.0], [253.0800018310547]]"
4,"[[240.4600067138672], [239.66000366210938], [240.3300018310547], [237.0], [234.6199951171875], [236.30999755859375], [238.77999877929688], [240.58999633789062], [240.5800018310547], [241.9300079345703]]","[[239.0260009765625], [242.1737060546875]]","[[236.30999755859375], [238.77999877929688], [240.58999633789062], [240.5800018310547], [241.9300079345703], [245.22999572753906], [249.0]]"
5,"[[234.6199951171875], [236.30999755859375], [238.77999877929688], [240.58999633789062], [240.5800018310547], [241.9300079345703], [245.22999572753906], [249.0], [253.0800018310547], [252.4600067138672]]","[[251.89321899414062], [251.74929809570312]]","[[241.9300079345703], [245.22999572753906], [249.0], [253.0800018310547], [252.4600067138672], [255.45999145507812], [256.0400085449219]]"
5,"[[255.27999877929688], [254.27000427246094], [254.2100067138672], [255.99000549316406], [255.45999145507812], [255.75999450683594], [258.8900146484375], [258.5799865722656], [258.3900146484375], [260.92999267578125]]","[[260.19921875], [259.8468017578125]]","[[255.75999450683594], [258.8900146484375], [258.5799865722656], [258.3900146484375], [260.92999267578125], [261.44000244140625], [261.9100036621094]]"
5,"[[240.49000549316406], [240.4600067138672], [239.66000366210938], [240.3300018310547], [237.0], [234.6199951171875], [236.30999755859375], [238.77999877929688], [240.58999633789062], [240.5800018310547]]","[[240.8988037109375], [238.8820037841797]]","[[234.6199951171875], [236.30999755859375], [238.77999877929688], [240.58999633789062], [240.5800018310547], [241.9300079345703], [245.22999572753906]]"
5,"[[240.5800018310547], [241.9300079345703], [245.22999572753906], [249.0], [253.0800018310547], [252.4600067138672], [255.45999145507812], [256.0400085449219], [256.45001220703125], [254.32000732421875]]","[[250.4550018310547], [256.3117370605469]]","[[252.4600067138672], [255.45999145507812], [256.0400085449219], [256.45001220703125], [254.32000732421875], [253.6999969482422], [255.27999877929688]]"
5,"[[241.9300079345703], [245.22999572753906], [249.0], [253.0800018310547], [252.4600067138672], [255.45999145507812], [256.0400085449219], [256.45001220703125], [254.32000732421875], [253.6999969482422]]","[[255.9725341796875], [256.3876647949219]]","[[255.45999145507812], [256.0400085449219], [256.45001220703125], [254.32000732421875], [253.6999969482422], [255.27999877929688], [254.27000427246094]]"
5,"[[254.2100067138672], [255.99000549316406], [255.45999145507812], [255.75999450683594], [258.8900146484375], [258.5799865722656], [258.3900146484375], [260.92999267578125], [261.44000244140625], [261.9100036621094]]","[[262.2715759277344], [261.847900390625]]","[[258.5799865722656], [258.3900146484375], [260.92999267578125], [261.44000244140625], [261.9100036621094], [260.739990234375], [259.75]]"
5,"[[255.45999145507812], [255.75999450683594], [258.8900146484375], [258.5799865722656], [258.3900146484375], [260.92999267578125], [261.44000244140625], [261.9100036621094], [260.739990234375], [259.75]]","[[260.9758605957031], [261.1168212890625]]","[[260.92999267578125], [261.44000244140625], [261.9100036621094], [260.739990234375], [259.75], [258.6199951171875], [260.0400085449219]]"
5,"[[254.27000427246094], [254.2100067138672], [255.99000549316406], [255.45999145507812], [255.75999450683594], [258.8900146484375], [258.5799865722656], [258.3900146484375], [260.92999267578125], [261.44000244140625]]","[[257.3919982910156], [260.7145690917969]]","[[258.8900146484375], [258.5799865722656], [258.3900146484375], [260.92999267578125], [261.44000244140625], [261.9100036621094], [260.739990234375]]"
5,"[[253.6999969482422], [255.27999877929688], [254.27000427246094], [254.2100067138672], [255.99000549316406], [255.45999145507812], [255.75999450683594], [258.8900146484375], [258.5799865722656], [258.3900146484375]]","[[258.697265625], [258.49822998046875]]","[[255.45999145507812], [255.75999450683594], [258.8900146484375], [258.5799865722656], [258.3900146484375], [260.92999267578125], [261.44000244140625]]"
5,"[[245.22999572753906], [249.0], [253.0800018310547], [252.4600067138672], [255.45999145507812], [256.0400085449219], [256.45001220703125], [254.32000732421875], [253.6999969482422], [255.27999877929688]]","[[256.2681579589844], [256.3724060058594]]","[[256.0400085449219], [256.45001220703125], [254.32000732421875], [253.6999969482422], [255.27999877929688], [254.27000427246094], [254.2100067138672]]"
5,"[[239.66000366210938], [240.3300018310547], [237.0], [234.6199951171875], [236.30999755859375], [238.77999877929688], [240.58999633789062], [240.5800018310547], [241.9300079345703], [245.22999572753906]]","[[244.0169677734375], [243.02883911132812]]","[[238.77999877929688], [240.58999633789062], [240.5800018310547], [241.9300079345703], [245.22999572753906], [249.0], [253.0800018310547]]"
5,"[[254.32000732421875], [253.6999969482422], [255.27999877929688], [254.27000427246094], [254.2100067138672], [255.99000549316406], [255.45999145507812], [255.75999450683594], [258.8900146484375], [258.5799865722656]]","[[258.3333740234375], [258.1471252441406]]","[[255.99000549316406], [255.45999145507812], [255.75999450683594], [258.8900146484375], [258.5799865722656], [258.3900146484375], [260.92999267578125]]"
5,"[[255.45999145507812], [256.0400085449219], [256.45001220703125], [254.32000732421875], [253.6999969482422], [255.27999877929688], [254.27000427246094], [254.2100067138672], [255.99000549316406], [255.45999145507812]]","[[255.92706298828125], [255.861083984375]]","[[255.27999877929688], [254.27000427246094], [254.2100067138672], [255.99000549316406], [255.45999145507812], [255.75999450683594], [258.8900146484375]]"
5,"[[255.99000549316406], [255.45999145507812], [255.75999450683594], [258.8900146484375], [258.5799865722656], [258.3900146484375], [260.92999267578125], [261.44000244140625], [261.9100036621094], [260.739990234375]]","[[261.140625], [260.8604736328125]]","[[258.3900146484375], [260.92999267578125], [261.44000244140625], [261.9100036621094], [260.739990234375], [259.75], [258.6199951171875]]"
5,"[[237.0], [234.6199951171875], [236.30999755859375], [238.77999877929688], [240.58999633789062], [240.5800018310547], [241.9300079345703], [245.22999572753906], [249.0], [253.0800018310547]]","[[250.98532104492188], [241.71200561523438]]","[[240.5800018310547], [241.9300079345703], [245.22999572753906], [249.0], [253.0800018310547], [252.4600067138672], [255.45999145507812]]"
5,"[[249.0], [253.0800018310547], [252.4600067138672], [255.45999145507812], [256.0400085449219], [256.45001220703125], [254.32000732421875], [253.6999969482422], [255.27999877929688], [254.27000427246094]]","[[255.84974670410156], [255.92221069335938]]","[[256.45001220703125], [254.32000732421875], [253.6999969482422], [255.27999877929688], [254.27000427246094], [254.2100067138672], [255.99000549316406]]"
5,"[[252.4600067138672], [255.45999145507812], [256.0400085449219], [256.45001220703125], [254.32000732421875], [253.6999969482422], [255.27999877929688], [254.27000427246094], [254.2100067138672], [255.99000549316406]]","[[256.0821533203125], [256.0360107421875]]","[[253.6999969482422], [255.27999877929688], [254.27000427246094], [254.2100067138672], [255.99000549316406], [255.45999145507812], [255.75999450683594]]"
5,"[[240.4600067138672], [239.66000366210938], [240.3300018310547], [237.0], [234.6199951171875], [236.30999755859375], [238.77999877929688], [240.58999633789062], [240.5800018310547], [241.9300079345703]]","[[241.48568725585938], [241.65768432617188]]","[[236.30999755859375], [238.77999877929688], [240.58999633789062], [240.5800018310547], [241.9300079345703], [245.22999572753906], [249.0]]"
5,"[[256.45001220703125], [254.32000732421875], [253.6999969482422], [255.27999877929688], [254.27000427246094], [254.2100067138672], [255.99000549316406], [255.45999145507812], [255.75999450683594], [258.8900146484375]]","[[258.0221252441406], [257.5849914550781]]","[[254.2100067138672], [255.99000549316406], [255.45999145507812], [255.75999450683594], [258.8900146484375], [258.5799865722656], [258.3900146484375]]"
5,"[[256.0400085449219], [256.45001220703125], [254.32000732421875], [253.6999969482422], [255.27999877929688], [254.27000427246094], [254.2100067138672], [255.99000549316406], [255.45999145507812], [255.75999450683594]]","[[256.03875732421875], [256.0528869628906]]","[[254.27000427246094], [254.2100067138672], [255.99000549316406], [255.45999145507812], [255.75999450683594], [258.8900146484375], [258.5799865722656]]"
5,"[[253.0800018310547], [252.4600067138672], [255.45999145507812], [256.0400085449219], [256.45001220703125], [254.32000732421875], [253.6999969482422], [255.27999877929688], [254.27000427246094], [254.2100067138672]]","[[255.6134033203125], [255.5137939453125]]","[[254.32000732421875], [253.6999969482422], [255.27999877929688], [254.27000427246094], [254.2100067138672], [255.99000549316406], [255.45999145507812]]"
5,"[[240.3300018310547], [237.0], [234.6199951171875], [236.30999755859375], [238.77999877929688], [240.58999633789062], [240.5800018310547], [241.9300079345703], [245.22999572753906], [249.0]]","[[247.39901733398438], [246.25978088378906]]","[[240.58999633789062], [240.5800018310547], [241.9300079345703], [245.22999572753906], [249.0], [253.0800018310547], [252.4600067138672]]"
5,"[[238.77999877929688], [240.58999633789062], [240.5800018310547], [241.9300079345703], [245.22999572753906], [249.0], [253.0800018310547], [252.4600067138672], [255.45999145507812], [256.0400085449219]]","[[254.4466094970703], [247.31500244140625]]","[[249.0], [253.0800018310547], [252.4600067138672], [255.45999145507812], [256.0400085449219], [256.45001220703125], [254.32000732421875]]"
5,"[[240.58999633789062], [240.5800018310547], [241.9300079345703], [245.22999572753906], [249.0], [253.0800018310547], [252.4600067138672], [255.45999145507812], [256.0400085449219], [256.45001220703125]]","[[256.41412353515625], [255.08758544921875]]","[[253.0800018310547], [252.4600067138672], [255.45999145507812], [256.0400085449219], [256.45001220703125], [254.32000732421875], [253.6999969482422]]"
6,"[[238.77999877929688], [240.58999633789062], [240.5800018310547], [241.9300079345703], [245.22999572753906], [249.0], [253.0800018310547], [252.4600067138672], [255.45999145507812], [256.0400085449219]]","[[257.02191162109375], [255.88284301757812]]","[[249.0], [253.0800018310547], [252.4600067138672], [255.45999145507812], [256.0400085449219], [256.45001220703125], [254.32000732421875]]"
6,"[[253.0800018310547], [252.4600067138672], [255.45999145507812], [256.0400085449219], [256.45001220703125], [254.32000732421875], [253.6999969482422], [255.27999877929688], [254.27000427246094], [254.2100067138672]]","[[255.50430297851562], [255.5802001953125]]","[[254.32000732421875], [253.6999969482422], [255.27999877929688], [254.27000427246094], [254.2100067138672], [255.99000549316406], [255.45999145507812]]"
6,"[[253.6999969482422], [255.27999877929688], [254.27000427246094], [254.2100067138672], [255.99000549316406], [255.45999145507812], [255.75999450683594], [258.8900146484375], [258.5799865722656], [258.3900146484375]]","[[259.23748779296875], [258.81097412109375]]","[[255.45999145507812], [255.75999450683594], [258.8900146484375], [258.5799865722656], [258.3900146484375], [260.92999267578125], [261.44000244140625]]"
6,"[[239.66000366210938], [240.3300018310547], [237.0], [234.6199951171875], [236.30999755859375], [238.77999877929688], [240.58999633789062], [240.5800018310547], [241.9300079345703], [245.22999572753906]]","[[244.93772888183594], [239.5030059814453]]","[[238.77999877929688], [240.58999633789062], [240.5800018310547], [241.9300079345703], [245.22999572753906], [249.0], [253.0800018310547]]"
6,"[[240.58999633789062], [240.5800018310547], [241.9300079345703], [245.22999572753906], [249.0], [253.0800018310547], [252.4600067138672], [255.45999145507812], [256.0400085449219], [256.45001220703125]]","[[258.2953796386719], [256.9447326660156]]","[[253.0800018310547], [252.4600067138672], [255.45999145507812], [256.0400085449219], [256.45001220703125], [254.32000732421875], [253.6999969482422]]"
6,"[[255.27999877929688], [254.27000427246094], [254.2100067138672], [255.99000549316406], [255.45999145507812], [255.75999450683594], [258.8900146484375], [258.5799865722656], [258.3900146484375], [260.92999267578125]]","[[261.07177734375], [260.2327575683594]]","[[255.75999450683594], [258.8900146484375], [258.5799865722656], [258.3900146484375], [260.92999267578125], [261.44000244140625], [261.9100036621094]]"
6,"[[255.99000549316406], [255.45999145507812], [255.75999450683594], [258.8900146484375], [258.5799865722656], [258.3900146484375], [260.92999267578125], [261.44000244140625], [261.9100036621094], [260.739990234375]]","[[261.140625], [261.0773620605469]]","[[258.3900146484375], [260.92999267578125], [261.44000244140625], [261.9100036621094], [260.739990234375], [259.75], [258.6199951171875]]"
6,"[[241.9300079345703], [245.22999572753906], [249.0], [253.0800018310547], [252.4600067138672], [255.45999145507812], [256.0400085449219], [256.45001220703125], [254.32000732421875], [253.6999969482422]]","[[255.7559356689453], [256.17108154296875]]","[[255.45999145507812], [256.0400085449219], [256.45001220703125], [254.32000732421875], [253.6999969482422], [255.27999877929688], [254.27000427246094]]"
6,"[[240.3300018310547], [237.0], [234.6199951171875], [236.30999755859375], [238.77999877929688], [240.58999633789062], [240.5800018310547], [241.9300079345703], [245.22999572753906], [249.0]]","[[248.1585235595703], [246.86105346679688]]","[[240.58999633789062], [240.5800018310547], [241.9300079345703], [245.22999572753906], [249.0], [253.0800018310547], [252.4600067138672]]"
6,"[[240.4600067138672], [239.66000366210938], [240.3300018310547], [237.0], [234.6199951171875], [236.30999755859375], [238.77999877929688], [240.58999633789062], [240.5800018310547], [241.9300079345703]]","[[242.44891357421875], [242.4145050048828]]","[[236.30999755859375], [238.77999877929688], [240.58999633789062], [240.5800018310547], [241.9300079345703], [245.22999572753906], [249.0]]"
6,"[[234.6199951171875], [236.30999755859375], [238.77999877929688], [240.58999633789062], [240.5800018310547], [241.9300079345703], [245.22999572753906], [249.0], [253.0800018310547], [252.4600067138672]]","[[254.29190063476562], [252.99661254882812]]","[[241.9300079345703], [245.22999572753906], [249.0], [253.0800018310547], [252.4600067138672], [255.45999145507812], [256.0400085449219]]"
6,"[[240.5800018310547], [241.9300079345703], [245.22999572753906], [249.0], [253.0800018310547], [252.4600067138672], [255.45999145507812], [256.0400085449219], [256.45001220703125], [254.32000732421875]]","[[255.9154052734375], [256.2677001953125]]","[[252.4600067138672], [255.45999145507812], [256.0400085449219], [256.45001220703125], [254.32000732421875], [253.6999969482422], [255.27999877929688]]"
6,"[[255.45999145507812], [255.75999450683594], [258.8900146484375], [258.5799865722656], [258.3900146484375], [260.92999267578125], [261.44000244140625], [261.9100036621094], [260.739990234375], [259.75]]","[[259.18499755859375], [260.78515625]]","[[260.92999267578125], [261.44000244140625], [261.9100036621094], [260.739990234375], [259.75], [258.6199951171875], [260.0400085449219]]"
6,"[[252.4600067138672], [255.45999145507812], [256.0400085449219], [256.45001220703125], [254.32000732421875], [253.6999969482422], [255.27999877929688], [254.27000427246094], [254.2100067138672], [255.99000549316406]]","[[255.90682983398438], [255.91604614257812]]","[[253.6999969482422], [255.27999877929688], [254.27000427246094], [254.2100067138672], [255.99000549316406], [255.45999145507812], [255.75999450683594]]"
6,"[[256.0400085449219], [256.45001220703125], [254.32000732421875], [253.6999969482422], [255.27999877929688], [254.27000427246094], [254.2100067138672], [255.99000549316406], [255.45999145507812], [255.75999450683594]]","[[256.03875732421875], [256.03521728515625]]","[[254.27000427246094], [254.2100067138672], [255.99000549316406], [255.45999145507812], [255.75999450683594], [258.8900146484375], [258.5799865722656]]"
6,"[[254.2100067138672], [255.99000549316406], [255.45999145507812], [255.75999450683594], [258.8900146484375], [258.5799865722656], [258.3900146484375], [260.92999267578125], [261.44000244140625], [261.9100036621094]]","[[262.8768005371094], [261.9891357421875]]","[[258.5799865722656], [258.3900146484375], [260.92999267578125], [261.44000244140625], [261.9100036621094], [260.739990234375], [259.75]]"
6,"[[236.30999755859375], [238.77999877929688], [240.58999633789062], [240.5800018310547], [241.9300079345703], [245.22999572753906], [249.0], [253.0800018310547], [252.4600067138672], [255.45999145507812]]","[[256.9180908203125], [254.7725067138672]]","[[245.22999572753906], [249.0], [253.0800018310547], [252.4600067138672], [255.45999145507812], [256.0400085449219], [256.45001220703125]]"
6,"[[249.0], [253.0800018310547], [252.4600067138672], [255.45999145507812], [256.0400085449219], [256.45001220703125], [254.32000732421875], [253.6999969482422], [255.27999877929688], [254.27000427246094]]","[[255.75314331054688], [255.82559204101562]]","[[256.45001220703125], [254.32000732421875], [253.6999969482422], [255.27999877929688], [254.27000427246094], [254.2100067138672], [255.99000549316406]]"
6,"[[256.45001220703125], [254.32000732421875], [253.6999969482422], [255.27999877929688], [254.27000427246094], [254.2100067138672], [255.99000549316406], [255.45999145507812], [255.75999450683594], [258.8900146484375]]","[[258.0333251953125], [257.5962219238281]]","[[254.2100067138672], [255.99000549316406], [255.45999145507812], [255.75999450683594], [258.8900146484375], [258.5799865722656], [258.3900146484375]]"
6,"[[245.22999572753906], [249.0], [253.0800018310547], [252.4600067138672], [255.45999145507812], [256.0400085449219], [256.45001220703125], [254.32000732421875], [253.6999969482422], [255.27999877929688]]","[[256.2551574707031], [255.87728881835938]]","[[256.0400085449219], [256.45001220703125], [254.32000732421875], [253.6999969482422], [255.27999877929688], [254.27000427246094], [254.2100067138672]]"
6,"[[254.32000732421875], [253.6999969482422], [255.27999877929688], [254.27000427246094], [254.2100067138672], [255.99000549316406], [255.45999145507812], [255.75999450683594], [258.8900146484375], [258.5799865722656]]","[[258.9187316894531], [258.3599853515625]]","[[255.99000549316406], [255.45999145507812], [255.75999450683594], [258.8900146484375], [258.5799865722656], [258.3900146484375], [260.92999267578125]]"
6,"[[240.49000549316406], [240.4600067138672], [239.66000366210938], [240.3300018310547], [237.0], [234.6199951171875], [236.30999755859375], [238.77999877929688], [240.58999633789062], [240.5800018310547]]","[[241.23492431640625], [241.05886840820312]]","[[234.6199951171875], [236.30999755859375], [238.77999877929688], [240.58999633789062], [240.5800018310547], [241.9300079345703], [245.22999572753906]]"
6,"[[255.45999145507812], [256.0400085449219], [256.45001220703125], [254.32000732421875], [253.6999969482422], [255.27999877929688], [254.27000427246094], [254.2100067138672], [255.99000549316406], [255.45999145507812]]","[[255.1179962158203], [255.83331298828125]]","[[255.27999877929688], [254.27000427246094], [254.2100067138672], [255.99000549316406], [255.45999145507812], [255.75999450683594], [258.8900146484375]]"
6,"[[237.0], [234.6199951171875], [236.30999755859375], [238.77999877929688], [240.58999633789062], [240.5800018310547], [241.9300079345703], [245.22999572753906], [249.0], [253.0800018310547]]","[[252.80531311035156], [250.33531188964844]]","[[240.5800018310547], [241.9300079345703], [245.22999572753906], [249.0], [253.0800018310547], [252.4600067138672], [255.45999145507812]]"
7,"[[254.32000732421875], [253.6999969482422], [255.27999877929688], [254.27000427246094], [254.2100067138672], [255.99000549316406], [255.45999145507812], [255.75999450683594], [258.8900146484375], [258.5799865722656]]","[[258.79901123046875], [258.3599853515625]]","[[255.99000549316406], [255.45999145507812], [255.75999450683594], [258.8900146484375], [258.5799865722656], [258.3900146484375], [260.92999267578125]]"
7,"[[236.30999755859375], [238.77999877929688], [240.58999633789062], [240.5800018310547], [241.9300079345703], [245.22999572753906], [249.0], [253.0800018310547], [252.4600067138672], [255.45999145507812]]","[[255.22158813476562], [253.87437438964844]]","[[245.22999572753906], [249.0], [253.0800018310547], [252.4600067138672], [255.45999145507812], [256.0400085449219], [256.45001220703125]]"
7,"[[254.27000427246094], [254.2100067138672], [255.99000549316406], [255.45999145507812], [255.75999450683594], [258.8900146484375], [258.5799865722656], [258.3900146484375], [260.92999267578125], [261.44000244140625]]","[[261.9969482421875], [261.1614685058594]]","[[258.8900146484375], [258.5799865722656], [258.3900146484375], [260.92999267578125], [261.44000244140625], [261.9100036621094], [260.739990234375]]"
7,"[[238.77999877929688], [240.58999633789062], [240.5800018310547], [241.9300079345703], [245.22999572753906], [249.0], [253.0800018310547], [252.4600067138672], [255.45999145507812], [256.0400085449219]]","[[253.03514099121094], [253.10943603515625]]","[[249.0], [253.0800018310547], [252.4600067138672], [255.45999145507812], [256.0400085449219], [256.45001220703125], [254.32000732421875]]"
7,"[[240.5800018310547], [241.9300079345703], [245.22999572753906], [249.0], [253.0800018310547], [252.4600067138672], [255.45999145507812], [256.0400085449219], [256.45001220703125], [254.32000732421875]]","[[250.4550018310547], [255.7612762451172]]","[[252.4600067138672], [255.45999145507812], [256.0400085449219], [256.45001220703125], [254.32000732421875], [253.6999969482422], [255.27999877929688]]"
7,"[[253.6999969482422], [255.27999877929688], [254.27000427246094], [254.2100067138672], [255.99000549316406], [255.45999145507812], [255.75999450683594], [258.8900146484375], [258.5799865722656], [258.3900146484375]]","[[257.467529296875], [256.0530090332031]]","[[255.45999145507812], [255.75999450683594], [258.8900146484375], [258.5799865722656], [258.3900146484375], [260.92999267578125], [261.44000244140625]]"
7,"[[241.9300079345703], [245.22999572753906], [249.0], [253.0800018310547], [252.4600067138672], [255.45999145507812], [256.0400085449219], [256.45001220703125], [254.32000732421875], [253.6999969482422]]","[[255.61155700683594], [255.7920379638672]]","[[255.45999145507812], [256.0400085449219], [256.45001220703125], [254.32000732421875], [253.6999969482422], [255.27999877929688], [254.27000427246094]]"
7,"[[240.58999633789062], [240.5800018310547], [241.9300079345703], [245.22999572753906], [249.0], [253.0800018310547], [252.4600067138672], [255.45999145507812], [256.0400085449219], [256.45001220703125]]","[[249.08200073242188], [249.08200073242188]]","[[253.0800018310547], [252.4600067138672], [255.45999145507812], [256.0400085449219], [256.45001220703125], [254.32000732421875], [253.6999969482422]]"
7,"[[255.45999145507812], [255.75999450683594], [258.8900146484375], [258.5799865722656], [258.3900146484375], [260.92999267578125], [261.44000244140625], [261.9100036621094], [260.739990234375], [259.75]]","[[260.76031494140625], [260.75201416015625]]","[[260.92999267578125], [261.44000244140625], [261.9100036621094], [260.739990234375], [259.75], [258.6199951171875], [260.0400085449219]]"
7,"[[237.0], [234.6199951171875], [236.30999755859375], [238.77999877929688], [240.58999633789062], [240.5800018310547], [241.9300079345703], [245.22999572753906], [249.0], [253.0800018310547]]","[[252.89198303222656], [241.71200561523438]]","[[240.5800018310547], [241.9300079345703], [245.22999572753906], [249.0], [253.0800018310547], [252.4600067138672], [255.45999145507812]]"
7,"[[240.49000549316406], [240.4600067138672], [239.66000366210938], [240.3300018310547], [237.0], [234.6199951171875], [236.30999755859375], [238.77999877929688], [240.58999633789062], [240.5800018310547]]","[[241.8911895751953], [241.5550537109375]]","[[234.6199951171875], [236.30999755859375], [238.77999877929688], [240.58999633789062], [240.5800018310547], [241.9300079345703], [245.22999572753906]]"
7,"[[249.0], [253.0800018310547], [252.4600067138672], [255.45999145507812], [256.0400085449219], [256.45001220703125], [254.32000732421875], [253.6999969482422], [255.27999877929688], [254.27000427246094]]","[[255.67262268066406], [254.00599670410156]]","[[256.45001220703125], [254.32000732421875], [253.6999969482422], [255.27999877929688], [254.27000427246094], [254.2100067138672], [255.99000549316406]]"
7,"[[255.45999145507812], [256.0400085449219], [256.45001220703125], [254.32000732421875], [253.6999969482422], [255.27999877929688], [254.27000427246094], [254.2100067138672], [255.99000549316406], [255.45999145507812]]","[[255.82289123535156], [255.1179962158203]]","[[255.27999877929688], [254.27000427246094], [254.2100067138672], [255.99000549316406], [255.45999145507812], [255.75999450683594], [258.8900146484375]]"
7,"[[256.0400085449219], [256.45001220703125], [254.32000732421875], [253.6999969482422], [255.27999877929688], [254.27000427246094], [254.2100067138672], [255.99000549316406], [255.45999145507812], [255.75999450683594]]","[[256.51947021484375], [256.4205017089844]]","[[254.27000427246094], [254.2100067138672], [255.99000549316406], [255.45999145507812], [255.75999450683594], [258.8900146484375], [258.5799865722656]]"
7,"[[255.99000549316406], [255.45999145507812], [255.75999450683594], [258.8900146484375], [258.5799865722656], [258.3900146484375], [260.92999267578125], [261.44000244140625], [261.9100036621094], [260.739990234375]]","[[261.24908447265625], [261.1948547363281]]","[[258.3900146484375], [260.92999267578125], [261.44000244140625], [261.9100036621094], [260.739990234375], [259.75], [258.6199951171875]]"
7,"[[240.4600067138672], [239.66000366210938], [240.3300018310547], [237.0], [234.6199951171875], [236.30999755859375], [238.77999877929688], [240.58999633789062], [240.5800018310547], [241.9300079345703]]","[[242.6553192138672], [242.62091064453125]]","[[236.30999755859375], [238.77999877929688], [240.58999633789062], [240.5800018310547], [241.9300079345703], [245.22999572753906], [249.0]]"
7,"[[239.66000366210938], [240.3300018310547], [237.0], [234.6199951171875], [236.30999755859375], [238.77999877929688], [240.58999633789062], [240.5800018310547], [241.9300079345703], [245.22999572753906]]","[[245.13986206054688], [243.8148651123047]]","[[238.77999877929688], [240.58999633789062], [240.5800018310547], [241.9300079345703], [245.22999572753906], [249.0], [253.0800018310547]]"
7,"[[234.6199951171875], [236.30999755859375], [238.77999877929688], [240.58999633789062], [240.5800018310547], [241.9300079345703], [245.22999572753906], [249.0], [253.0800018310547], [252.4600067138672]]","[[254.62770080566406], [253.38040161132812]]","[[241.9300079345703], [245.22999572753906], [249.0], [253.0800018310547], [252.4600067138672], [255.45999145507812], [256.0400085449219]]"
7,"[[245.22999572753906], [249.0], [253.0800018310547], [252.4600067138672], [255.45999145507812], [256.0400085449219], [256.45001220703125], [254.32000732421875], [253.6999969482422], [255.27999877929688]]","[[256.1509094238281], [256.24212646484375]]","[[256.0400085449219], [256.45001220703125], [254.32000732421875], [253.6999969482422], [255.27999877929688], [254.27000427246094], [254.2100067138672]]"
7,"[[253.0800018310547], [252.4600067138672], [255.45999145507812], [256.0400085449219], [256.45001220703125], [254.32000732421875], [253.6999969482422], [255.27999877929688], [254.27000427246094], [254.2100067138672]]","[[255.43788146972656], [255.56597900390625]]","[[254.32000732421875], [253.6999969482422], [255.27999877929688], [254.27000427246094], [254.2100067138672], [255.99000549316406], [255.45999145507812]]"
7,"[[240.3300018310547], [237.0], [234.6199951171875], [236.30999755859375], [238.77999877929688], [240.58999633789062], [240.5800018310547], [241.9300079345703], [245.22999572753906], [249.0]]","[[248.85472106933594], [240.43699645996094]]","[[240.58999633789062], [240.5800018310547], [241.9300079345703], [245.22999572753906], [249.0], [253.0800018310547], [252.4600067138672]]"
7,"[[256.45001220703125], [254.32000732421875], [253.6999969482422], [255.27999877929688], [254.27000427246094], [254.2100067138672], [255.99000549316406], [255.45999145507812], [255.75999450683594], [258.8900146484375]]","[[258.1678466796875], [255.43299865722656]]","[[254.2100067138672], [255.99000549316406], [255.45999145507812], [255.75999450683594], [258.8900146484375], [258.5799865722656], [258.3900146484375]]"
7,"[[254.2100067138672], [255.99000549316406], [255.45999145507812], [255.75999450683594], [258.8900146484375], [258.5799865722656], [258.3900146484375], [260.92999267578125], [261.44000244140625], [261.9100036621094]]","[[260.6172790527344], [258.156005859375]]","[[258.5799865722656], [258.3900146484375], [260.92999267578125], [261.44000244140625], [261.9100036621094], [260.739990234375], [259.75]]"
7,"[[255.27999877929688], [254.27000427246094], [254.2100067138672], [255.99000549316406], [255.45999145507812], [255.75999450683594], [258.8900146484375], [258.5799865722656], [258.3900146484375], [260.92999267578125]]","[[261.1724548339844], [260.36700439453125]]","[[255.75999450683594], [258.8900146484375], [258.5799865722656], [258.3900146484375], [260.92999267578125], [261.44000244140625], [261.9100036621094]]"
